,base_market,quote_market,hedge_ratio,half_life
0,XTZ-USD,ETH-USD,0.0006376683749283906,4.0
1,ZEC-USD,ETH-USD,0.020545877056224845,4.0
2,ATOM-USD,ETH-USD,0.006363323563009836,4.0
3,TRX-USD,ETH-USD,3.6426115043195144e-05,5.0
4,COMP-USD,ETH-USD,0.024035750861468384,4.0
5,SUSHI-USD,ETH-USD,0.0005881001602177635,2.0
6,CRV-USD,ETH-USD,0.0005232926047798375,5.0
7,SOL-USD,ETH-USD,0.011789567230264529,9.0
8,1INCH-USD,ETH-USD,0.000287027852335537,2.0
9,AVAX-USD,ETH-USD,0.009634508922033777,2.0
